{"cameraMode":{"drawMode":0,"name":"Shaded","section":"Shading Mode"},"sceneLighting":false,"audioPlay":false,"sceneViewState":{"showFog":true,"showMaterialUpdate":false,"showSkybox":false,"showFlares":true,"showImageEffects":true,"showParticleSystems":true},"in2DMode":false,"pivot":{"x":1.2657886743545533,"y":2.2880001068115236,"z":-1.0149999856948853},"rotation":{"x":-0.005506642162799835,"y":0.9890828132629395,"z":-0.14221890270709992,"w":-0.03829589858651161},"size":0.8660253882408142,"orthographic":false}