{"cameraMode":{"drawMode":0,"name":"Shaded","section":"Shading Mode"},"sceneLighting":false,"audioPlay":false,"sceneViewState":{"showFog":true,"showMaterialUpdate":false,"showSkybox":false,"showFlares":true,"showImageEffects":true,"showParticleSystems":true},"in2DMode":false,"pivot":{"x":6.655835151672363,"y":1.2214986085891724,"z":6.444737434387207},"rotation":{"x":-0.005702747497707605,"y":0.9737418293952942,"z":-0.22625979781150819,"w":-0.02454271912574768},"size":1.9778918027877808,"orthographic":false}