{"cameraMode":{"drawMode":0,"name":"Shaded","section":"Shading Mode"},"sceneLighting":false,"audioPlay":false,"sceneViewState":{"showFog":true,"showMaterialUpdate":false,"showSkybox":false,"showFlares":true,"showImageEffects":true,"showParticleSystems":true},"in2DMode":false,"pivot":{"x":-1.0645842552185059,"y":-0.11171317100524903,"z":0.4847679138183594},"rotation":{"x":-0.018979769200086595,"y":0.9302225708961487,"z":-0.36327335238456728,"w":-0.04860101640224457},"size":7.872641086578369,"orthographic":false}