{"cameraMode":{"drawMode":0,"name":"Shaded","section":"Shading Mode"},"sceneLighting":true,"audioPlay":false,"sceneViewState":{"showFog":true,"showMaterialUpdate":false,"showSkybox":true,"showFlares":true,"showImageEffects":true,"showParticleSystems":true},"in2DMode":false,"pivot":{"x":0.46935808658599856,"y":-0.19170594215393067,"z":-4.348875999450684},"rotation":{"x":-0.0013142655370756984,"y":0.9497606158256531,"z":-0.31296011805534365,"w":-0.00398827763274312},"size":7.389347076416016,"orthographic":false}