{"cameraMode":{"drawMode":0,"name":"Shaded","section":"Shading Mode"},"sceneLighting":false,"audioPlay":false,"sceneViewState":{"showFog":true,"showMaterialUpdate":false,"showSkybox":false,"showFlares":true,"showImageEffects":true,"showParticleSystems":true},"in2DMode":false,"pivot":{"x":-1.3970025777816773,"y":0.9998579025268555,"z":-2.389021158218384},"rotation":{"x":0.004249566700309515,"y":0.9765055179595947,"z":-0.21458500623703004,"w":0.019338132813572885},"size":0.8660253882408142,"orthographic":false}